aig_swasi_naturo_cure_hospital,unnamed_1,unnamed_2,branch_operations_system_bo_frm_20b,unnamed_4,unnamed_5,unnamed_6
Petty Cash Replenishment Request,,,,,,
Branch:,,Date:,,Requested By (BM):,,Request #:
Current Petty Cash Balance (Rs.),,,,,,
Approved Float Amount (Rs.),,,,,,
Amount Requested for Replenishment (Rs.),,,,,,
Reason for low balance (brief),,,,,,
Vouchers Attached (count),,,,,,
Total Voucher Value (Rs.),,,,,,
Expenditure Summary (attach all vouchers / receipts),,,,,,
Expenditure Head,,,,Voucher #,,Amount (Rs.)
,,,,,,
,,,,,,
,,,,,,
,,,,,,
,,,,,,
,,,,,,
,,,,,,
,,,,,,
TOTAL,,,,,,0
For Central Finance Use,,,,,,
Approved Amount (Rs.),,,,,,
Approved By,,,,,,
Date of Transfer,,,,,,
Branch Manager — Signature:,,,Date:,,Finance Officer (Central) — Signature:,
